device_knumber,marker_class,k_numbers_in_text,edges_in_graph,tiers
K042091,STRONG,12,10,{'PROXIMITY_ONLY': 10}
K042989,STRONG,16,8,"{'PROXIMITY_ONLY': 7, 'SECTION_HEADED': 1}"
K050441,STRONG,9,8,{'PROXIMITY_ONLY': 8}
K061312,STRONG,9,8,{'PROXIMITY_ONLY': 8}
K073102,STRONG,14,10,{'PROXIMITY_ONLY': 10}
K082996,STRONG,9,8,{'PROXIMITY_ONLY': 8}
K093549,STRONG,12,9,"{'PROXIMITY_ONLY': 7, 'SECTION_HEADED': 2}"
K130376,STRONG,27,10,"{'PROXIMITY_ONLY': 4, 'SECTION_HEADED': 6}"
K131684,STRONG,11,7,"{'PROXIMITY_ONLY': 6, 'SECTION_HEADED': 1}"
K140043,STRONG,28,8,"{'SECTION_HEADED': 4, 'PROXIMITY_ONLY': 4}"
K141653,STRONG,28,9,{'PROXIMITY_ONLY': 9}
K171181,STRONG,36,13,"{'SECTION_HEADED': 5, 'PROXIMITY_ONLY': 8}"
K172405,STRONG,8,5,"{'PROXIMITY_ONLY': 4, 'SECTION_HEADED': 1}"
K172491,STRONG,10,3,{'SECTION_HEADED': 3}
K173776,STRONG,50,25,"{'PROXIMITY_ONLY': 16, 'SECTION_HEADED': 9}"
K180798,STRONG,101,32,"{'SECTION_HEADED': 7, 'PROXIMITY_ONLY': 25}"
K181598,STRONG,57,14,"{'SECTION_HEADED': 6, 'PROXIMITY_ONLY': 8}"
K182301,STRONG,26,12,"{'PROXIMITY_ONLY': 4, 'SECTION_HEADED': 8}"
K182718,STRONG,16,6,{'SECTION_HEADED': 6}
K190123,STRONG,50,25,"{'PROXIMITY_ONLY': 19, 'SECTION_HEADED': 6}"
K191708,STRONG,22,14,"{'PROXIMITY_ONLY': 10, 'SECTION_HEADED': 4}"
K192683,STRONG,23,9,"{'PROXIMITY_ONLY': 4, 'SECTION_HEADED': 5}"
K200959,STRONG,24,8,"{'PROXIMITY_ONLY': 6, 'SECTION_HEADED': 2}"
K201657,STRONG,106,36,"{'PROXIMITY_ONLY': 10, 'SECTION_HEADED': 26}"
K201838,STRONG,12,2,{'SECTION_HEADED': 2}
K202705,STRONG,12,3,{'PROXIMITY_ONLY': 3}
K211201,STRONG,20,5,"{'PROXIMITY_ONLY': 3, 'SECTION_HEADED': 2}"
K211582,STRONG,44,4,"{'SECTION_HEADED': 2, 'PROXIMITY_ONLY': 2}"
K212996,STRONG,8,4,{'SECTION_HEADED': 4}
K220234,STRONG,27,6,{'SECTION_HEADED': 6}
K221645,STRONG,7,2,{'SECTION_HEADED': 2}
K223392,STRONG,9,1,{'SECTION_HEADED': 1}
K230397,STRONG,12,3,{'SECTION_HEADED': 3}
K230817,STRONG,11,2,{'PROXIMITY_ONLY': 2}
K230894,STRONG,9,4,{'SECTION_HEADED': 4}
K233593,STRONG,23,3,{'SECTION_HEADED': 3}
K242296,STRONG,110,14,"{'SECTION_HEADED': 13, 'PROXIMITY_ONLY': 1}"
K250908,STRONG,10,2,{'SECTION_HEADED': 2}
K253260,STRONG,15,8,"{'PROXIMITY_ONLY': 5, 'SECTION_HEADED': 3}"
K070061,WEAK,4,2,{'PROXIMITY_ONLY': 2}
K103124,WEAK,6,2,"{'PROXIMITY_ONLY': 1, 'SECTION_HEADED': 1}"
K110807,WEAK,2,1,{'PROXIMITY_ONLY': 1}
K112158,WEAK,11,8,"{'PROXIMITY_ONLY': 6, 'SECTION_HEADED': 2}"
K113609,WEAK,2,1,{'PROXIMITY_ONLY': 1}
K120578,WEAK,4,3,{'PROXIMITY_ONLY': 3}
K123019,WEAK,4,2,{'SECTION_HEADED': 2}
K123604,WEAK,5,2,{'PROXIMITY_ONLY': 2}
K130899,WEAK,6,2,{'SECTION_HEADED': 2}
K131279,WEAK,5,1,{'PROXIMITY_ONLY': 1}
K131647,WEAK,4,2,{'PROXIMITY_ONLY': 2}
K131952,WEAK,4,1,{'PROXIMITY_ONLY': 1}
K131986,WEAK,5,2,{'PROXIMITY_ONLY': 2}
K132312,WEAK,5,1,{'SECTION_HEADED': 1}
K132572,WEAK,5,1,{'PROXIMITY_ONLY': 1}
K132959,WEAK,10,2,{'SECTION_HEADED': 2}
K141327,WEAK,27,11,"{'SECTION_HEADED': 9, 'PROXIMITY_ONLY': 2}"
K141585,WEAK,15,6,{'PROXIMITY_ONLY': 6}
K142201,WEAK,13,4,{'SECTION_HEADED': 4}
K143226,WEAK,19,7,"{'PROXIMITY_ONLY': 6, 'SECTION_HEADED': 1}"
K150302,WEAK,32,13,"{'PROXIMITY_ONLY': 9, 'SECTION_HEADED': 4}"
K151264,WEAK,8,2,{'PROXIMITY_ONLY': 2}
K151307,WEAK,13,5,"{'SECTION_HEADED': 4, 'PROXIMITY_ONLY': 1}"
K151739,WEAK,6,2,{'SECTION_HEADED': 2}
K152084,WEAK,37,16,"{'SECTION_HEADED': 8, 'PROXIMITY_ONLY': 8}"
K152430,WEAK,23,13,"{'PROXIMITY_ONLY': 8, 'SECTION_HEADED': 5}"
K160266,WEAK,11,2,{'SECTION_HEADED': 2}
K160515,WEAK,44,10,"{'PROXIMITY_ONLY': 9, 'SECTION_HEADED': 1}"
K161190,WEAK,11,3,{'PROXIMITY_ONLY': 3}
K161226,WEAK,5,1,{'SECTION_HEADED': 1}
K162127,WEAK,28,6,"{'SECTION_HEADED': 4, 'PROXIMITY_ONLY': 2}"
K162957,WEAK,40,15,"{'PROXIMITY_ONLY': 6, 'SECTION_HEADED': 9}"
K163441,WEAK,20,15,"{'PROXIMITY_ONLY': 12, 'SECTION_HEADED': 3}"
K170473,WEAK,17,13,{'SECTION_HEADED': 13}
K173331,WEAK,9,3,"{'SECTION_HEADED': 1, 'PROXIMITY_ONLY': 2}"
K173656,WEAK,10,5,"{'PROXIMITY_ONLY': 4, 'SECTION_HEADED': 1}"
K180436,WEAK,52,7,"{'SECTION_HEADED': 4, 'PROXIMITY_ONLY': 3}"
K182048,WEAK,5,2,{'SECTION_HEADED': 2}
K192189,WEAK,13,2,{'SECTION_HEADED': 2}
K193308,WEAK,37,4,"{'SECTION_HEADED': 3, 'PROXIMITY_ONLY': 1}"
K193312,WEAK,12,2,{'PROXIMITY_ONLY': 2}
K200011,WEAK,16,5,{'SECTION_HEADED': 5}
K200709,WEAK,12,3,"{'SECTION_HEADED': 2, 'PROXIMITY_ONLY': 1}"
K200854,WEAK,15,2,{'SECTION_HEADED': 2}
K201660,WEAK,15,4,"{'SECTION_HEADED': 3, 'PROXIMITY_ONLY': 1}"
K202833,WEAK,16,3,{'SECTION_HEADED': 3}
K203472,WEAK,17,4,"{'SECTION_HEADED': 3, 'PROXIMITY_ONLY': 1}"
K203532,WEAK,15,4,"{'SECTION_HEADED': 3, 'PROXIMITY_ONLY': 1}"
K220376,WEAK,16,2,{'SECTION_HEADED': 2}
K220405,WEAK,31,18,"{'PROXIMITY_ONLY': 15, 'SECTION_HEADED': 3}"
K221104,WEAK,15,2,{'SECTION_HEADED': 2}
K222066,WEAK,20,4,{'SECTION_HEADED': 4}
K222296,WEAK,18,3,{'SECTION_HEADED': 3}
K230572,WEAK,19,11,"{'SECTION_HEADED': 6, 'PROXIMITY_ONLY': 5}"
K231873,WEAK,248,71,"{'PROXIMITY_ONLY': 17, 'SECTION_HEADED': 54}"
K231925,WEAK,11,2,{'SECTION_HEADED': 2}
K233476,WEAK,14,6,{'SECTION_HEADED': 6}
K234025,WEAK,8,1,{'SECTION_HEADED': 1}
K241241,WEAK,11,3,{'SECTION_HEADED': 3}
K242232,WEAK,17,6,"{'SECTION_HEADED': 5, 'PROXIMITY_ONLY': 1}"
K243043,WEAK,24,9,"{'SECTION_HEADED': 4, 'PROXIMITY_ONLY': 5}"
K243809,WEAK,43,18,"{'PROXIMITY_ONLY': 15, 'SECTION_HEADED': 3}"
K251906,WEAK,9,1,{'SECTION_HEADED': 1}
K253314,WEAK,57,11,"{'SECTION_HEADED': 10, 'PROXIMITY_ONLY': 1}"
K253637,WEAK,17,4,{'SECTION_HEADED': 4}
