device_knumber,predicate_knumber,tier
K140716,K113527,SECTION_HEADED
K140716,K123231,SECTION_HEADED
K140716,K132479,SECTION_HEADED
K140716,K133583,SECTION_HEADED
K141942,K133200,SECTION_HEADED
K142114,K121342,SECTION_HEADED
K142114,K133904,SECTION_HEADED
K142157,K053445,SECTION_HEADED
K142185,K091994,SECTION_HEADED
K142531,K011182,SECTION_HEADED
K142531,K030383,SECTION_HEADED
K142531,K121250,SECTION_HEADED
K142531,K933881,SECTION_HEADED
K142531,K950099,SECTION_HEADED
K142531,K953915,SECTION_HEADED
K142531,K982011,SECTION_HEADED
K142531,K982320,SECTION_HEADED
K142531,K982511,SECTION_HEADED
K142531,K983583,SECTION_HEADED
K142531,K992168,SECTION_HEADED
K142550,K061223,SECTION_HEADED
K142550,K093552,SECTION_HEADED
K142550,K102380,SECTION_HEADED
K142550,K140735,SECTION_HEADED
K142550,K990030,SECTION_HEADED
K142574,K082282,SECTION_HEADED
K142574,K133794,SECTION_HEADED
K142574,K140324,SECTION_HEADED
K143009,K130610,SECTION_HEADED
K143009,K133184,SECTION_HEADED
K143204,K081832,SECTION_HEADED
K143204,K971783,SECTION_HEADED
K143366,K061223,SECTION_HEADED
K143366,K140735,SECTION_HEADED
K143716,K102834,SECTION_HEADED
K143716,K924141,SECTION_HEADED
K150119,K142157,SECTION_HEADED
K150125,K133844,SECTION_HEADED
K150125,K993714,SECTION_HEADED
K150229,K073480,SECTION_HEADED
K150229,K132866,SECTION_HEADED
K150302,K122382,SECTION_HEADED
K150302,K123688,SECTION_HEADED
K150302,K140676,SECTION_HEADED
K150539,K142741,SECTION_HEADED
K150570,K110522,SECTION_HEADED
K150570,K123656,SECTION_HEADED
K150570,K133698,SECTION_HEADED
K150650,K030377,SECTION_HEADED
K150650,K070638,SECTION_HEADED
K150650,K113346,SECTION_HEADED
K150650,K151031,SECTION_HEADED
K150650,K990965,SECTION_HEADED
K150655,K131548,SECTION_HEADED
K150822,K131833,SECTION_HEADED
K150822,K142838,SECTION_HEADED
K150850,K142157,SECTION_HEADED
K151224,K080828,SECTION_HEADED
K151224,K083073,SECTION_HEADED
K151224,K113593,SECTION_HEADED
K151488,K101790,SECTION_HEADED
K151488,K124058,SECTION_HEADED
K151705,K120467,PROXIMITY_ONLY
K151705,K131427,PROXIMITY_ONLY
K151769,K132502,SECTION_HEADED
K151770,K022623,SECTION_HEADED
K151770,K051971,SECTION_HEADED
K151819,K082310,SECTION_HEADED
K151819,K090064,SECTION_HEADED
K151819,K092193,SECTION_HEADED
K151819,K130573,SECTION_HEADED
K151885,K042508,SECTION_HEADED
K151885,K132332,SECTION_HEADED
K151974,K090203,SECTION_HEADED
K151983,K122860,SECTION_HEADED
K152242,K042598,SECTION_HEADED
K152242,K142938,SECTION_HEADED
K152242,K955848,SECTION_HEADED
K152242,K962808,SECTION_HEADED
K152298,K043083,SECTION_HEADED
K152298,K063128,SECTION_HEADED
K152298,K093552,SECTION_HEADED
K152298,K102380,SECTION_HEADED
K152298,K140735,SECTION_HEADED
K153169,K140738,SECTION_HEADED
K153378,K090675,SECTION_HEADED
K153378,K124027,SECTION_HEADED
K153378,K924018,SECTION_HEADED
K153379,K113718,SECTION_HEADED
K153453,K011437,SECTION_HEADED
K153453,K022623,SECTION_HEADED
K153453,K101278,SECTION_HEADED
K153573,K143023,SECTION_HEADED
K153595,K102975,SECTION_HEADED
K153629,K111122,SECTION_HEADED
K153629,K142079,SECTION_HEADED
K153629,K150053,SECTION_HEADED
K153657,K092201,SECTION_HEADED
K153657,K094050,SECTION_HEADED
K153720,K073109,SECTION_HEADED
K153720,K123993,SECTION_HEADED
K153720,K131122,SECTION_HEADED
K160167,K131548,SECTION_HEADED
K160548,K111834,SECTION_HEADED
K160548,K152187,SECTION_HEADED
K160553,K161489,SECTION_HEADED
K160804,K102443,SECTION_HEADED
K160804,K123362,SECTION_HEADED
K160804,K130539,SECTION_HEADED
K160959,K152132,SECTION_HEADED
K161001,K123362,SECTION_HEADED
K161001,K130539,SECTION_HEADED
K161001,K143660,SECTION_HEADED
K161073,K052026,SECTION_HEADED
K161073,K103384,SECTION_HEADED
K161292,K151418,SECTION_HEADED
K161332,K151727,SECTION_HEADED
K161332,K153031,SECTION_HEADED
K161539,K051323,SECTION_HEADED
K161592,K010685,SECTION_HEADED
K161592,K033363,SECTION_HEADED
K161592,K113369,SECTION_HEADED
K161592,K121771,SECTION_HEADED
K161592,K122529,SECTION_HEADED
K161592,K150090,SECTION_HEADED
K161635,K121011,SECTION_HEADED
K161742,K052906,SECTION_HEADED
K162026,K061223,SECTION_HEADED
K162026,K093552,SECTION_HEADED
K162026,K973524,SECTION_HEADED
K162026,K990030,SECTION_HEADED
K162898,K151418,SECTION_HEADED
K162944,K150053,PROXIMITY_ONLY
K162944,K151934,PROXIMITY_ONLY
K162944,K151939,PROXIMITY_ONLY
K162944,K152515,PROXIMITY_ONLY
K162944,K152793,PROXIMITY_ONLY
K162944,K153352,PROXIMITY_ONLY
K163293,K083447,SECTION_HEADED
K163293,K123000,SECTION_HEADED
K163293,K131920,SECTION_HEADED
K163293,K153609,SECTION_HEADED
K163293,K161426,SECTION_HEADED
K163422,K121982,SECTION_HEADED
K163422,K150765,SECTION_HEADED
K170106,K090988,SECTION_HEADED
K170106,K120790,SECTION_HEADED
K170106,K121416,SECTION_HEADED
K170106,K122232,PROXIMITY_ONLY
K170106,K140826,PROXIMITY_ONLY
K170106,K153273,SECTION_HEADED
K170119,K112036,SECTION_HEADED
K170119,K153782,SECTION_HEADED
K170119,K160597,SECTION_HEADED
K170119,K160958,SECTION_HEADED
K170119,K161230,SECTION_HEADED
K170165,K043045,SECTION_HEADED
K170165,K063359,SECTION_HEADED
K170288,K152298,SECTION_HEADED
K170310,K143061,SECTION_HEADED
K170452,K092265,SECTION_HEADED
K170473,K100858,SECTION_HEADED
K170473,K112158,SECTION_HEADED
K170473,K141934,SECTION_HEADED
K170473,K151739,SECTION_HEADED
K170573,K020114,SECTION_HEADED
K170573,K100900,SECTION_HEADED
K170573,K933539,SECTION_HEADED
K170573,K963028,SECTION_HEADED
K170639,K120449,SECTION_HEADED
K170639,K133794,SECTION_HEADED
K170647,K130877,SECTION_HEADED
K170647,K133350,SECTION_HEADED
K170690,K151531,SECTION_HEADED
K170690,K160289,SECTION_HEADED
K170727,K000684,SECTION_HEADED
K170727,K130009,PROXIMITY_ONLY
K170727,K140565,SECTION_HEADED
K170802,K090435,SECTION_HEADED
K170802,K090460,SECTION_HEADED
K170802,K121876,SECTION_HEADED
K170804,K142253,SECTION_HEADED
K170804,K143249,SECTION_HEADED
K170890,K082698,SECTION_HEADED
K170890,K110927,SECTION_HEADED
K170890,K162358,SECTION_HEADED
K171058,K081023,SECTION_HEADED
K171058,K170452,SECTION_HEADED
K171181,K094035,SECTION_HEADED
K171181,K170444,SECTION_HEADED
K171250,K032394,PROXIMITY_ONLY
K171250,K052201,SECTION_HEADED
K171250,K070573,SECTION_HEADED
K171250,K091689,SECTION_HEADED
K171250,K093319,SECTION_HEADED
K171250,K110353,PROXIMITY_ONLY
K171250,K111076,SECTION_HEADED
K171250,K111719,PROXIMITY_ONLY
K171250,K123906,SECTION_HEADED
K171250,K131833,PROXIMITY_ONLY
K171250,K132332,PROXIMITY_ONLY
K171250,K141897,SECTION_HEADED
K171250,K142741,PROXIMITY_ONLY
K171250,K143278,PROXIMITY_ONLY
K171293,K051605,SECTION_HEADED
K171293,K132895,SECTION_HEADED
K171293,K152242,SECTION_HEADED
K171444,K141147,SECTION_HEADED
K171444,K161369,SECTION_HEADED
K171465,K170098,SECTION_HEADED
K171510,K170310,SECTION_HEADED
K171595,K082792,SECTION_HEADED
K171595,K091967,SECTION_HEADED
K171715,K150394,SECTION_HEADED
K171725,K133224,SECTION_HEADED
K171725,K163258,SECTION_HEADED
K172021,K100297,SECTION_HEADED
K172054,K051075,PROXIMITY_ONLY
K172054,K080402,PROXIMITY_ONLY
K172054,K092873,PROXIMITY_ONLY
K172054,K111629,PROXIMITY_ONLY
K172054,K112069,PROXIMITY_ONLY
K172054,K123982,PROXIMITY_ONLY
K172054,K130895,PROXIMITY_ONLY
K172054,K162024,PROXIMITY_ONLY
K172054,K162800,SECTION_HEADED
K172213,K014154,SECTION_HEADED
K172323,K142026,SECTION_HEADED
K172323,K142345,SECTION_HEADED
K172350,K000080,SECTION_HEADED
K172350,K133451,SECTION_HEADED
K172350,K153379,SECTION_HEADED
K172350,K162439,SECTION_HEADED
K172446,K162986,SECTION_HEADED
K172596,K143061,SECTION_HEADED
K172617,K143717,SECTION_HEADED
K172774,K102992,SECTION_HEADED
K172786,K151418,SECTION_HEADED
K172906,K112470,SECTION_HEADED
K173080,K121862,SECTION_HEADED
K173148,K072326,SECTION_HEADED
K173286,K150126,SECTION_HEADED
K173388,K102975,SECTION_HEADED
K173388,K131298,SECTION_HEADED
K173388,K153595,SECTION_HEADED
K173491,K153609,SECTION_HEADED
K173556,K101557,SECTION_HEADED
K173556,K141493,PROXIMITY_ONLY
K173556,K151418,SECTION_HEADED
K173556,K161292,SECTION_HEADED
K173556,K162635,SECTION_HEADED
K173583,K050327,SECTION_HEADED
K173722,K121049,SECTION_HEADED
K173722,K161442,SECTION_HEADED
K173859,K120078,SECTION_HEADED
K173859,K120449,SECTION_HEADED
K173859,K133794,SECTION_HEADED
K173960,K093736,SECTION_HEADED
K173964,K023096,SECTION_HEADED
K173964,K091196,PROXIMITY_ONLY
K180317,K152631,SECTION_HEADED
K180436,K003018,SECTION_HEADED
K180480,K151256,SECTION_HEADED
K180480,K161485,SECTION_HEADED
K180798,K002149,SECTION_HEADED
K180798,K010170,SECTION_HEADED
K180798,K052026,SECTION_HEADED
K180798,K061547,SECTION_HEADED
K180798,K072656,PROXIMITY_ONLY
K180798,K090998,PROXIMITY_ONLY
K180798,K122382,PROXIMITY_ONLY
K180798,K130376,PROXIMITY_ONLY
K180798,K140043,PROXIMITY_ONLY
K180798,K171181,PROXIMITY_ONLY
K180798,K934765,SECTION_HEADED
K180798,K953490,SECTION_HEADED
K180798,K971429,PROXIMITY_ONLY
K180930,K072154,SECTION_HEADED
K180930,K091956,SECTION_HEADED
K181171,K141653,SECTION_HEADED
K181287,K051623,SECTION_HEADED
K181287,K053274,SECTION_HEADED
K181287,K060716,SECTION_HEADED
K181287,K160975,SECTION_HEADED
K181362,K100858,SECTION_HEADED
K181362,K133349,SECTION_HEADED
K181420,K141029,SECTION_HEADED
K181483,K163491,PROXIMITY_ONLY
K181483,K172676,PROXIMITY_ONLY
K181483,K173030,PROXIMITY_ONLY
K181483,K173324,PROXIMITY_ONLY
K181591,K143688,SECTION_HEADED
K181598,K002149,SECTION_HEADED
K181598,K052026,SECTION_HEADED
K181598,K061547,SECTION_HEADED
K181598,K170444,SECTION_HEADED
K181603,K171791,SECTION_HEADED
K181603,K180851,SECTION_HEADED
K181611,K013991,SECTION_HEADED
K181611,K080642,SECTION_HEADED
K181761,K032396,SECTION_HEADED
K181761,K151307,SECTION_HEADED
K181761,K960658,SECTION_HEADED
K181809,K141259,SECTION_HEADED
K181809,K173859,SECTION_HEADED
K181846,K171848,SECTION_HEADED
K182321,K094035,SECTION_HEADED
K182321,K112802,PROXIMITY_ONLY
K182321,K112898,SECTION_HEADED
K182321,K121297,PROXIMITY_ONLY
K182321,K171273,PROXIMITY_ONLY
K182321,K840643,SECTION_HEADED
K182321,K862702,PROXIMITY_ONLY
K182321,K864857,PROXIMITY_ONLY
K182321,K901364,SECTION_HEADED
K182321,K911728,SECTION_HEADED
K182321,K912654,SECTION_HEADED
K182321,K920831,SECTION_HEADED
K182321,K935206,PROXIMITY_ONLY
K182321,K943302,PROXIMITY_ONLY
K182461,K060438,SECTION_HEADED
K182810,K151418,SECTION_HEADED
K183011,K153207,PROXIMITY_ONLY
K183011,K163593,PROXIMITY_ONLY
K183011,K180239,SECTION_HEADED
K183055,K151785,SECTION_HEADED
K183055,K162426,SECTION_HEADED
K183071,K120486,SECTION_HEADED
K183071,K171496,SECTION_HEADED
K183141,K142187,SECTION_HEADED
K183141,K161840,SECTION_HEADED
K183279,K082282,SECTION_HEADED
K183279,K173859,SECTION_HEADED
K183279,K181809,SECTION_HEADED
K183342,K172437,SECTION_HEADED
K183426,K124034,SECTION_HEADED
K183426,K170455,SECTION_HEADED
K183506,K133794,SECTION_HEADED
K183506,K173859,SECTION_HEADED
K183659,K063205,SECTION_HEADED
K183684,K172857,SECTION_HEADED
K183684,K180973,SECTION_HEADED
K190110,K071206,SECTION_HEADED
K190123,K101575,SECTION_HEADED
K190123,K120599,SECTION_HEADED
K190123,K173898,SECTION_HEADED
K190123,K842559,SECTION_HEADED
K190123,K932222,SECTION_HEADED
K190361,K180179,SECTION_HEADED
K190409,K161590,SECTION_HEADED
K190474,K160605,SECTION_HEADED
K190474,K170455,SECTION_HEADED
K190474,K181970,SECTION_HEADED
K190545,K172480,SECTION_HEADED
K190652,K141577,SECTION_HEADED
K190652,K181180,SECTION_HEADED
K190684,K133455,SECTION_HEADED
K190684,K170395,SECTION_HEADED
K190774,K130814,SECTION_HEADED
K190889,K150283,SECTION_HEADED
K190890,K101336,PROXIMITY_ONLY
K190890,K103233,SECTION_HEADED
K190890,K150522,SECTION_HEADED
K190890,K173583,SECTION_HEADED
K190890,K182502,SECTION_HEADED
K190892,K063588,SECTION_HEADED
K191057,K171808,SECTION_HEADED
K191057,K190391,SECTION_HEADED
K191146,K150488,SECTION_HEADED
K191146,K152431,SECTION_HEADED
K191146,K162455,SECTION_HEADED
K191146,K163669,SECTION_HEADED
K191241,K981423,SECTION_HEADED
K191242,K032167,SECTION_HEADED
K191242,K182941,SECTION_HEADED
K191243,K170318,SECTION_HEADED
K191358,K143085,SECTION_HEADED
K191358,K983382,SECTION_HEADED
K191391,K163361,SECTION_HEADED
K191477,K111362,SECTION_HEADED
K191569,K163577,SECTION_HEADED
K191569,K181778,SECTION_HEADED
K191641,K050932,SECTION_HEADED
K191698,K123814,SECTION_HEADED
K191698,K152431,SECTION_HEADED
K191698,K163669,SECTION_HEADED
K191709,K080108,SECTION_HEADED
K191709,K103433,SECTION_HEADED
K191782,K040212,SECTION_HEADED
K191782,K102413,SECTION_HEADED
K191782,K120419,SECTION_HEADED
K191782,K190365,SECTION_HEADED
K191995,K153575,SECTION_HEADED
K191995,K160617,SECTION_HEADED
K192097,K042021,SECTION_HEADED
K192097,K140063,SECTION_HEADED
K192097,K143552,SECTION_HEADED
K192208,K180071,SECTION_HEADED
K192297,K042355,SECTION_HEADED
K192297,K051567,SECTION_HEADED
K192297,K142906,SECTION_HEADED
K192365,K121220,SECTION_HEADED
K192592,K140792,SECTION_HEADED
K192592,K180808,SECTION_HEADED
K192683,K181761,SECTION_HEADED
K192855,K122698,SECTION_HEADED
K192946,K093736,PROXIMITY_ONLY
K193030,K131884,SECTION_HEADED
K193129,K161369,SECTION_HEADED
K193211,K191822,SECTION_HEADED
K193247,K053189,SECTION_HEADED
K193247,K070787,SECTION_HEADED
K193295,K120942,SECTION_HEADED
K193295,K170327,SECTION_HEADED
K193295,K170877,SECTION_HEADED
K193308,K003018,SECTION_HEADED
K193394,K062250,SECTION_HEADED
K193394,K150488,SECTION_HEADED
K193394,K162455,SECTION_HEADED
K193394,K163669,SECTION_HEADED
K193394,K192206,SECTION_HEADED
K193423,K172480,SECTION_HEADED
K200007,K190123,SECTION_HEADED
K200007,K191632,SECTION_HEADED
K200011,K083116,SECTION_HEADED
K200011,K171181,SECTION_HEADED
K200011,K892398,SECTION_HEADED
K200127,K150463,SECTION_HEADED
K200127,K150471,SECTION_HEADED
K200235,K172480,SECTION_HEADED
K200235,K190545,SECTION_HEADED
K200316,K163595,SECTION_HEADED
K200316,K173782,SECTION_HEADED
K200316,K182158,SECTION_HEADED
K200361,K162805,SECTION_HEADED
K200752,K051123,SECTION_HEADED
K200846,K111362,SECTION_HEADED
K200854,K103233,SECTION_HEADED
K200854,K181744,SECTION_HEADED
K200949,K170639,SECTION_HEADED
K200949,K191483,SECTION_HEADED
K201315,K151293,SECTION_HEADED
K201336,K172157,SECTION_HEADED
K201364,K102896,SECTION_HEADED
K201364,K103517,SECTION_HEADED
K201364,K200113,SECTION_HEADED
K201391,K111097,PROXIMITY_ONLY
K201391,K123814,PROXIMITY_ONLY
K201391,K143552,SECTION_HEADED
K201391,K163669,SECTION_HEADED
K201519,K100866,SECTION_HEADED
K201519,K200007,SECTION_HEADED
K201556,K121349,SECTION_HEADED
K201556,K173347,SECTION_HEADED
K201614,K190025,SECTION_HEADED
K201636,K182402,SECTION_HEADED
K201656,K170313,SECTION_HEADED
K201656,K170705,SECTION_HEADED
K201656,K171285,SECTION_HEADED
K201656,K172008,SECTION_HEADED
K201715,K112197,SECTION_HEADED
K201715,K122113,SECTION_HEADED
K202024,K162068,SECTION_HEADED
K202024,K171789,SECTION_HEADED
K202194,K140881,SECTION_HEADED
K202194,K160700,SECTION_HEADED
K202194,K201347,SECTION_HEADED
K202338,K192041,SECTION_HEADED
K202705,K122382,PROXIMITY_ONLY
K202705,K170288,PROXIMITY_ONLY
K202705,K170444,PROXIMITY_ONLY
K202803,K143061,SECTION_HEADED
K202803,K173641,SECTION_HEADED
K203011,K170923,SECTION_HEADED
K203011,K183228,SECTION_HEADED
K203138,K193524,SECTION_HEADED
K203385,K110145,SECTION_HEADED
K203465,K181180,SECTION_HEADED
K203465,K190652,SECTION_HEADED
K203465,K193660,SECTION_HEADED
K203472,K200709,SECTION_HEADED
K203520,K080615,SECTION_HEADED
K203520,K171893,SECTION_HEADED
K203520,K181261,SECTION_HEADED
K203520,K181589,SECTION_HEADED
K203520,K190885,SECTION_HEADED
K203698,K022597,SECTION_HEADED
K203698,K022599,SECTION_HEADED
K203698,K132895,SECTION_HEADED
K203698,K153204,SECTION_HEADED
K203698,K163293,SECTION_HEADED
K210060,K152974,SECTION_HEADED
K210060,K163293,SECTION_HEADED
K210060,K180377,SECTION_HEADED
K210060,K181113,SECTION_HEADED
K210060,K201149,SECTION_HEADED
K210122,K103831,SECTION_HEADED
K210325,K133091,SECTION_HEADED
K210390,K020541,SECTION_HEADED
K210390,K192994,SECTION_HEADED
K210408,K201578,SECTION_HEADED
K210498,K190125,SECTION_HEADED
K210521,K133091,SECTION_HEADED
K210521,K192645,SECTION_HEADED
K210678,K013352,SECTION_HEADED
K210678,K180263,SECTION_HEADED
K210678,K191569,SECTION_HEADED
K210678,K193398,SECTION_HEADED
K210790,K150488,SECTION_HEADED
K210790,K162455,PROXIMITY_ONLY
K210790,K163669,PROXIMITY_ONLY
K210790,K183696,SECTION_HEADED
K210790,K192799,SECTION_HEADED
K210809,K173849,SECTION_HEADED
K210861,K190991,SECTION_HEADED
K210869,K130147,SECTION_HEADED
K211002,K182898,SECTION_HEADED
K211002,K183690,SECTION_HEADED
K211002,K191227,SECTION_HEADED
K211002,K191483,SECTION_HEADED
K211002,K201083,SECTION_HEADED
K211303,K010100,SECTION_HEADED
K211303,K020841,SECTION_HEADED
K211303,K041160,SECTION_HEADED
K211322,K133671,SECTION_HEADED
K211359,K110708,SECTION_HEADED
K211359,K152754,SECTION_HEADED
K211592,K191118,SECTION_HEADED
K211612,K130319,SECTION_HEADED
K211612,K210482,SECTION_HEADED
K211866,K112019,SECTION_HEADED
K211866,K150007,SECTION_HEADED
K211991,K103208,PROXIMITY_ONLY
K211991,K202611,PROXIMITY_ONLY
K212356,K192097,SECTION_HEADED
K212381,K063453,SECTION_HEADED
K212381,K070758,SECTION_HEADED
K212381,K130274,SECTION_HEADED
K212435,K193546,SECTION_HEADED
K212450,K142345,SECTION_HEADED
K212450,K163386,SECTION_HEADED
K212450,K193174,SECTION_HEADED
K212450,K200458,SECTION_HEADED
K212545,K173746,SECTION_HEADED
K212612,K190363,SECTION_HEADED
K212612,K192582,SECTION_HEADED
K212612,K203207,SECTION_HEADED
K212683,K192919,SECTION_HEADED
K212737,K052906,PROXIMITY_ONLY
K212737,K060692,SECTION_HEADED
K212737,K062250,PROXIMITY_ONLY
K212737,K071379,PROXIMITY_ONLY
K212737,K081620,PROXIMITY_ONLY
K212737,K120174,PROXIMITY_ONLY
K212737,K122698,PROXIMITY_ONLY
K212737,K130048,SECTION_HEADED
K212737,K130050,PROXIMITY_ONLY
K212737,K161742,PROXIMITY_ONLY
K212737,K172351,PROXIMITY_ONLY
K212737,K181611,SECTION_HEADED
K212737,K183077,PROXIMITY_ONLY
K212737,K193373,SECTION_HEADED
K212737,K202716,SECTION_HEADED
K212746,K100391,SECTION_HEADED
K212746,K143393,SECTION_HEADED
K212746,K160700,SECTION_HEADED
K212746,K202194,SECTION_HEADED
K212761,K033273,PROXIMITY_ONLY
K212761,K062148,PROXIMITY_ONLY
K212761,K151264,PROXIMITY_ONLY
K212761,K182468,PROXIMITY_ONLY
K212761,K193122,PROXIMITY_ONLY
K212761,K201219,PROXIMITY_ONLY
K212761,K842202,PROXIMITY_ONLY
K212761,K884888,PROXIMITY_ONLY
K212996,K140148,SECTION_HEADED
K212996,K142585,SECTION_HEADED
K212996,K203832,SECTION_HEADED
K213069,K163293,SECTION_HEADED
K213069,K170518,SECTION_HEADED
K213069,K173121,SECTION_HEADED
K213069,K193543,SECTION_HEADED
K213108,K033995,SECTION_HEADED
K213108,K082072,PROXIMITY_ONLY
K213108,K141680,SECTION_HEADED
K213115,K120275,SECTION_HEADED
K213115,K133784,SECTION_HEADED
K213115,K142251,SECTION_HEADED
K213115,K180301,SECTION_HEADED
K213117,K201315,SECTION_HEADED
K213124,K151293,SECTION_HEADED
K213387,K150583,SECTION_HEADED
K213387,K950651,SECTION_HEADED
K213456,K160313,SECTION_HEADED
K213456,K191074,SECTION_HEADED
K213459,K170452,SECTION_HEADED
K213615,K173824,SECTION_HEADED
K213641,K160597,SECTION_HEADED
K220142,K191966,SECTION_HEADED
K220260,K083070,SECTION_HEADED
K220260,K130033,SECTION_HEADED
K220285,K171808,SECTION_HEADED
K220285,K190391,SECTION_HEADED
K220334,K182151,SECTION_HEADED
K220570,K121115,SECTION_HEADED
K220570,K171170,SECTION_HEADED
K220581,K211113,SECTION_HEADED
K220679,K083726,SECTION_HEADED
K220792,K182099,SECTION_HEADED
K220810,K113174,SECTION_HEADED
K220839,K132217,SECTION_HEADED
K220839,K182361,SECTION_HEADED
K220839,K201132,SECTION_HEADED
K220839,K210994,SECTION_HEADED
K220914,K162455,SECTION_HEADED
K221104,K202484,SECTION_HEADED
K221366,K150661,SECTION_HEADED
K221412,K181806,SECTION_HEADED
K221467,K183077,SECTION_HEADED
K221467,K202716,SECTION_HEADED
K221621,K034002,SECTION_HEADED
K221636,K033273,SECTION_HEADED
K221636,K062419,PROXIMITY_ONLY
K221636,K071784,SECTION_HEADED
K221636,K093646,SECTION_HEADED
K221636,K132959,SECTION_HEADED
K221636,K193057,PROXIMITY_ONLY
K221636,K983382,SECTION_HEADED
K221645,K203228,SECTION_HEADED
K221697,K103433,SECTION_HEADED
K221697,K143596,SECTION_HEADED
K221735,K132071,SECTION_HEADED
K221758,K100858,SECTION_HEADED
K221758,K110598,SECTION_HEADED
K221758,K110847,SECTION_HEADED
K221758,K113254,SECTION_HEADED
K221758,K133349,SECTION_HEADED
K221758,K143256,SECTION_HEADED
K221758,K143552,SECTION_HEADED
K221758,K153722,SECTION_HEADED
K221758,K161476,SECTION_HEADED
K221758,K163397,SECTION_HEADED
K221758,K171858,SECTION_HEADED
K221758,K173388,SECTION_HEADED
K221758,K212800,PROXIMITY_ONLY
K221787,K213059,SECTION_HEADED
K221844,K171808,SECTION_HEADED
K221844,K190830,SECTION_HEADED
K221850,K202568,SECTION_HEADED
K222091,K211770,SECTION_HEADED
K222091,K221465,SECTION_HEADED
K222263,K191226,SECTION_HEADED
K222263,K193503,SECTION_HEADED
K222263,K203495,SECTION_HEADED
K222423,K110145,SECTION_HEADED
K222423,K133224,SECTION_HEADED
K222482,K191433,SECTION_HEADED
K222561,K130958,SECTION_HEADED
K222561,K201614,SECTION_HEADED
K222645,K220136,SECTION_HEADED
K222760,K080979,SECTION_HEADED
K222763,K180951,PROXIMITY_ONLY
K222835,K203315,SECTION_HEADED
K222967,K161616,SECTION_HEADED
K222967,K191118,SECTION_HEADED
K223103,K122296,SECTION_HEADED
K223103,K130099,SECTION_HEADED
K223103,K143096,SECTION_HEADED
K223146,K103034,SECTION_HEADED
K223146,K191391,SECTION_HEADED
K223146,K211496,PROXIMITY_ONLY
K223146,K213935,SECTION_HEADED
K223184,K131722,SECTION_HEADED
K223184,K171715,SECTION_HEADED
K223184,K182307,SECTION_HEADED
K223348,K150561,SECTION_HEADED
K223548,K081023,SECTION_HEADED
K223548,K083116,SECTION_HEADED
K223589,K222194,SECTION_HEADED
K223631,K111746,SECTION_HEADED
K223631,K172502,SECTION_HEADED
K223631,K182516,SECTION_HEADED
K223655,K092873,SECTION_HEADED
K223655,K161742,SECTION_HEADED
K223801,K141990,SECTION_HEADED
K223801,K162455,SECTION_HEADED
K223828,K103012,SECTION_HEADED
K223828,K121665,SECTION_HEADED
K223828,K173776,SECTION_HEADED
K223828,K192683,SECTION_HEADED
K230011,K103352,SECTION_HEADED
K230053,K081149,SECTION_HEADED
K230257,K213837,SECTION_HEADED
K230257,K221031,SECTION_HEADED
K230257,K222267,SECTION_HEADED
K230471,K193223,SECTION_HEADED
K230513,K153115,SECTION_HEADED
K230513,K172371,SECTION_HEADED
K230563,K021489,PROXIMITY_ONLY
K230563,K081479,PROXIMITY_ONLY
K230563,K093552,SECTION_HEADED
K230563,K122218,SECTION_HEADED
K230563,K142550,SECTION_HEADED
K230563,K162026,SECTION_HEADED
K230563,K171389,SECTION_HEADED
K230563,K182125,SECTION_HEADED
K230563,K953439,PROXIMITY_ONLY
K230563,K973524,PROXIMITY_ONLY
K230563,K990030,PROXIMITY_ONLY
K230565,K124058,SECTION_HEADED
K230565,K180210,SECTION_HEADED
K230639,K222561,SECTION_HEADED
K230831,K092122,SECTION_HEADED
K230831,K113254,SECTION_HEADED
K230831,K182039,SECTION_HEADED
K230831,K212933,SECTION_HEADED
K230945,K162825,SECTION_HEADED
K230945,K202680,SECTION_HEADED
K230946,K172383,SECTION_HEADED
K230946,K183363,SECTION_HEADED
K230974,K180179,SECTION_HEADED
K231093,K133671,SECTION_HEADED
K231113,K201749,SECTION_HEADED
K231113,K203268,SECTION_HEADED
K231147,K131459,SECTION_HEADED
K231251,K180972,SECTION_HEADED
K231253,K060127,SECTION_HEADED
K231253,K221292,SECTION_HEADED
K231322,K081511,SECTION_HEADED
K231322,K202806,SECTION_HEADED
K231326,K192032,SECTION_HEADED
K231343,K051678,SECTION_HEADED
K231343,K102413,SECTION_HEADED
K231343,K173811,SECTION_HEADED
K231343,K221031,SECTION_HEADED
K231447,K153208,SECTION_HEADED
K231447,K223318,SECTION_HEADED
K231461,K080842,SECTION_HEADED
K231516,K203108,SECTION_HEADED
K231516,K212933,SECTION_HEADED
K231522,K103233,SECTION_HEADED
K231522,K150522,SECTION_HEADED
K231522,K231873,SECTION_HEADED
K231556,K143100,SECTION_HEADED
K231699,K191380,PROXIMITY_ONLY
K231699,K211883,SECTION_HEADED
K231699,K230313,SECTION_HEADED
K231857,K202581,SECTION_HEADED
K231857,K221128,SECTION_HEADED
K231867,K201083,SECTION_HEADED
K231887,K202912,SECTION_HEADED
K231903,K222063,SECTION_HEADED
K231911,K170452,SECTION_HEADED
K232002,K211877,SECTION_HEADED
K232002,K223252,SECTION_HEADED
K232115,K171808,SECTION_HEADED
K232115,K190391,SECTION_HEADED
K232169,K961027,SECTION_HEADED
K232169,K973944,SECTION_HEADED
K232175,K112906,SECTION_HEADED
K232175,K183596,SECTION_HEADED
K232175,K192084,SECTION_HEADED
K232315,K193075,PROXIMITY_ONLY
K232340,K120155,SECTION_HEADED
K232340,K151092,SECTION_HEADED
K232371,K163577,SECTION_HEADED
K232371,K180263,SECTION_HEADED
K232371,K191569,SECTION_HEADED
K232371,K203167,SECTION_HEADED
K232371,K203420,SECTION_HEADED
K232371,K210678,SECTION_HEADED
K232394,K222031,SECTION_HEADED
K232411,K082215,SECTION_HEADED
K232411,K193513,SECTION_HEADED
K232411,K221366,SECTION_HEADED
K232492,K140643,SECTION_HEADED
K232492,K182941,SECTION_HEADED
K232492,K191242,SECTION_HEADED
K232492,K201883,SECTION_HEADED
K232595,K210390,SECTION_HEADED
K232595,K220523,SECTION_HEADED
K232648,K132893,SECTION_HEADED
K232648,K200246,SECTION_HEADED
K232648,K955848,SECTION_HEADED
K232742,K221364,SECTION_HEADED
K232742,K231113,SECTION_HEADED
K232755,K170206,SECTION_HEADED
K232755,K220947,SECTION_HEADED
K232755,K221485,SECTION_HEADED
K232790,K232628,PROXIMITY_ONLY
K232792,K172480,PROXIMITY_ONLY
K232792,K192897,PROXIMITY_ONLY
K232792,K232628,PROXIMITY_ONLY
K232838,K201253,SECTION_HEADED
K233025,K152171,SECTION_HEADED
K233089,K181113,SECTION_HEADED
K233089,K201149,SECTION_HEADED
K233134,K040212,SECTION_HEADED
K233134,K161466,SECTION_HEADED
K233134,K213328,SECTION_HEADED
K233134,K970097,SECTION_HEADED
K233215,K232628,SECTION_HEADED
K233311,K130986,SECTION_HEADED
K233332,K231460,SECTION_HEADED
K233476,K120030,SECTION_HEADED
K233476,K150862,SECTION_HEADED
K233476,K160907,SECTION_HEADED
K233476,K182048,SECTION_HEADED
K233476,K192189,SECTION_HEADED
K233476,K210581,SECTION_HEADED
K233490,K132071,SECTION_HEADED
K233490,K193513,SECTION_HEADED
K233507,K152298,SECTION_HEADED
K233507,K182039,SECTION_HEADED
K233507,K200113,SECTION_HEADED
K233507,K230563,SECTION_HEADED
K233601,K203523,SECTION_HEADED
K233601,K230892,SECTION_HEADED
K233640,K140417,PROXIMITY_ONLY
K233640,K192938,SECTION_HEADED
K233640,K211805,SECTION_HEADED
K233640,K222028,PROXIMITY_ONLY
K233659,K110879,SECTION_HEADED
K233659,K231326,SECTION_HEADED
K233735,K203714,SECTION_HEADED
K233744,K213030,SECTION_HEADED
K233744,K222276,SECTION_HEADED
K233867,K163368,SECTION_HEADED
K233867,K190388,SECTION_HEADED
K233867,K200246,PROXIMITY_ONLY
K233867,K220234,SECTION_HEADED
K233867,K955848,SECTION_HEADED
K233867,K974186,PROXIMITY_ONLY
K233910,K170972,SECTION_HEADED
K233910,K181375,SECTION_HEADED
K233912,K192417,SECTION_HEADED
K233919,K133974,SECTION_HEADED
K233947,K131981,SECTION_HEADED
K233980,K111433,SECTION_HEADED
K233980,K170806,SECTION_HEADED
K233980,K212746,PROXIMITY_ONLY
K233980,K230295,PROXIMITY_ONLY
K233980,K232303,SECTION_HEADED
K233994,K233665,SECTION_HEADED
K234028,K220492,SECTION_HEADED
K234059,K142581,SECTION_HEADED
K234059,K143523,SECTION_HEADED
K234059,K151277,SECTION_HEADED
K234075,K231114,SECTION_HEADED
K234119,K172424,SECTION_HEADED
K234119,K220147,SECTION_HEADED
K234128,K143276,SECTION_HEADED
K240259,K193067,SECTION_HEADED
K240424,K182074,SECTION_HEADED
K240450,K200725,SECTION_HEADED
K240450,K210239,SECTION_HEADED
K240450,K221468,SECTION_HEADED
K240450,K232592,SECTION_HEADED
K240458,K221644,SECTION_HEADED
K240459,K201535,SECTION_HEADED
K240505,K214123,SECTION_HEADED
K240591,K192778,SECTION_HEADED
K240591,K201393,PROXIMITY_ONLY
K240591,K203447,PROXIMITY_ONLY
K240591,K223316,SECTION_HEADED
K240591,K232595,SECTION_HEADED
K240669,K094035,SECTION_HEADED
K240669,K222270,SECTION_HEADED
K240835,K071978,SECTION_HEADED
K240835,K143624,SECTION_HEADED
K240835,K182492,SECTION_HEADED
K240863,K200912,SECTION_HEADED
K240863,K222816,SECTION_HEADED
K241000,K160700,SECTION_HEADED
K241000,K212746,PROXIMITY_ONLY
K241000,K230295,PROXIMITY_ONLY
K241000,K232303,PROXIMITY_ONLY
K241000,K233980,PROXIMITY_ONLY
K241077,K173982,SECTION_HEADED
K241167,K173301,SECTION_HEADED
K241167,K203714,SECTION_HEADED
K241167,K222276,SECTION_HEADED
K241235,K202581,SECTION_HEADED
K241235,K221128,SECTION_HEADED
K241235,K231113,SECTION_HEADED
K241235,K231857,SECTION_HEADED
K241235,K232742,SECTION_HEADED
K241235,K232973,SECTION_HEADED
K241241,K120030,SECTION_HEADED
K241241,K233476,SECTION_HEADED
K241282,K203740,SECTION_HEADED
K241292,K190738,SECTION_HEADED
K241387,K170518,SECTION_HEADED
K241387,K173121,SECTION_HEADED
K241387,K181113,SECTION_HEADED
K241387,K213069,SECTION_HEADED
K241387,K213698,SECTION_HEADED
K241461,K131458,SECTION_HEADED
K241461,K200391,SECTION_HEADED
K241482,K113828,SECTION_HEADED
K241482,K192778,SECTION_HEADED
K241482,K240591,SECTION_HEADED
K241564,K082575,PROXIMITY_ONLY
K241564,K192363,PROXIMITY_ONLY
K241564,K200640,PROXIMITY_ONLY
K241564,K201464,PROXIMITY_ONLY
K241564,K232315,PROXIMITY_ONLY
K241592,K082516,SECTION_HEADED
K241597,K030623,SECTION_HEADED
K241597,K090411,SECTION_HEADED
K241597,K171991,SECTION_HEADED
K241597,K182346,SECTION_HEADED
K241597,K211221,SECTION_HEADED
K241597,K230321,SECTION_HEADED
K241816,K181390,SECTION_HEADED
K241875,K161184,SECTION_HEADED
K241875,K191297,PROXIMITY_ONLY
K241875,K191927,SECTION_HEADED
K241875,K191936,SECTION_HEADED
K241875,K220336,PROXIMITY_ONLY
K241932,K212594,SECTION_HEADED
K241932,K231272,SECTION_HEADED
K241932,K233302,SECTION_HEADED
K242046,K110404,SECTION_HEADED
K242046,K121037,SECTION_HEADED
K242046,K130673,SECTION_HEADED
K242046,K192507,SECTION_HEADED
K242091,K211843,SECTION_HEADED
K242147,K161363,SECTION_HEADED
K242147,K192938,SECTION_HEADED
K242147,K221926,SECTION_HEADED
K242247,K212266,SECTION_HEADED
K242296,K061665,SECTION_HEADED
K242296,K063453,SECTION_HEADED
K242296,K070758,SECTION_HEADED
K242296,K070908,SECTION_HEADED
K242296,K130274,SECTION_HEADED
K242296,K173788,SECTION_HEADED
K242299,K082672,SECTION_HEADED
K242299,K240404,SECTION_HEADED
K242307,K133811,PROXIMITY_ONLY
K242307,K161592,PROXIMITY_ONLY
K242307,K162084,PROXIMITY_ONLY
K242307,K202716,PROXIMITY_ONLY
K242307,K221292,PROXIMITY_ONLY
K242364,K161363,SECTION_HEADED
K242364,K192938,SECTION_HEADED
K242401,K071071,SECTION_HEADED
K242401,K110404,SECTION_HEADED
K242401,K121037,SECTION_HEADED
K242401,K130673,SECTION_HEADED
K242401,K192507,SECTION_HEADED
K242401,K951987,SECTION_HEADED
K242436,K143697,SECTION_HEADED
K242436,K181091,SECTION_HEADED
K242436,K213895,SECTION_HEADED
K242452,K212895,SECTION_HEADED
K242665,K101433,SECTION_HEADED
K242665,K103756,SECTION_HEADED
K242665,K201347,SECTION_HEADED
K242665,K233980,SECTION_HEADED
K242751,K233912,SECTION_HEADED
K242868,K192778,PROXIMITY_ONLY
K242868,K232595,SECTION_HEADED
K242868,K240591,SECTION_HEADED
K242868,K241482,SECTION_HEADED
K243021,K201278,SECTION_HEADED
K243188,K241438,SECTION_HEADED
K243195,K082516,SECTION_HEADED
K243247,K031462,SECTION_HEADED
K243344,K230976,SECTION_HEADED
K243448,K232002,SECTION_HEADED
K243456,K094035,SECTION_HEADED
K243456,K103233,SECTION_HEADED
K243456,K150522,SECTION_HEADED
K243456,K161190,SECTION_HEADED
K243456,K182468,SECTION_HEADED
K243456,K190660,SECTION_HEADED
K243456,K220495,SECTION_HEADED
K243456,K222270,PROXIMITY_ONLY
K243470,K233893,SECTION_HEADED
K243526,K222063,SECTION_HEADED
K243526,K231270,SECTION_HEADED
K243526,K231903,SECTION_HEADED
K243526,K233566,SECTION_HEADED
K243643,K192778,SECTION_HEADED
K243643,K193373,SECTION_HEADED
K243643,K240591,SECTION_HEADED
K243706,K071813,SECTION_HEADED
K243706,K082166,SECTION_HEADED
K243706,K082918,SECTION_HEADED
K243706,K141824,SECTION_HEADED
K243760,K231272,SECTION_HEADED
K243760,K241277,SECTION_HEADED
K243760,K241932,SECTION_HEADED
K243790,K103712,SECTION_HEADED
K243790,K141259,SECTION_HEADED
K243790,K181809,SECTION_HEADED
K243973,K212266,SECTION_HEADED
K243995,K103705,PROXIMITY_ONLY
K243995,K143614,PROXIMITY_ONLY
K243995,K150456,PROXIMITY_ONLY
K243995,K180310,SECTION_HEADED
K243995,K203294,PROXIMITY_ONLY
K243995,K241592,PROXIMITY_ONLY
K243995,K242079,SECTION_HEADED
K244039,K102380,SECTION_HEADED
K244039,K122218,SECTION_HEADED
K244039,K953439,SECTION_HEADED
K250112,K203399,SECTION_HEADED
K250112,K220234,SECTION_HEADED
K250155,K173746,SECTION_HEADED
K250155,K221395,SECTION_HEADED
K250155,K241539,SECTION_HEADED
K250338,K202022,SECTION_HEADED
K250424,K112990,SECTION_HEADED
K250424,K230976,SECTION_HEADED
K250424,K241235,SECTION_HEADED
K250521,K190110,SECTION_HEADED
K250526,K173788,SECTION_HEADED
K250526,K193157,SECTION_HEADED
K250526,K230433,SECTION_HEADED
K250556,K240765,SECTION_HEADED
K250596,K193157,SECTION_HEADED
K250596,K221396,SECTION_HEADED
K250596,K230433,SECTION_HEADED
K250644,K202022,SECTION_HEADED
K250644,K202568,SECTION_HEADED
K250894,K021932,SECTION_HEADED
K250894,K190580,SECTION_HEADED
K250894,K240505,SECTION_HEADED
K250894,K242431,SECTION_HEADED
K251016,K202568,SECTION_HEADED
K251016,K221850,SECTION_HEADED
K251075,K193211,SECTION_HEADED
K251080,K161363,SECTION_HEADED
K251080,K192938,SECTION_HEADED
K251080,K232275,SECTION_HEADED
K251145,K181513,SECTION_HEADED
K251161,K222270,SECTION_HEADED
K251166,K151531,SECTION_HEADED
K251166,K223548,SECTION_HEADED
K251382,K042030,SECTION_HEADED
K251382,K111834,SECTION_HEADED
K251554,K202207,SECTION_HEADED
K251575,K161363,SECTION_HEADED
K251575,K192938,SECTION_HEADED
K251618,K202684,SECTION_HEADED
K251680,K003641,SECTION_HEADED
K251680,K201749,SECTION_HEADED
K251680,K202535,SECTION_HEADED
K251725,K110522,SECTION_HEADED
K251725,K123656,PROXIMITY_ONLY
K251725,K132101,PROXIMITY_ONLY
K251725,K143417,PROXIMITY_ONLY
K251725,K150570,SECTION_HEADED
K251725,K162189,PROXIMITY_ONLY
K251725,K173524,PROXIMITY_ONLY
K251725,K183383,SECTION_HEADED
K251725,K231737,PROXIMITY_ONLY
K251750,K003816,SECTION_HEADED
K251750,K050358,SECTION_HEADED
K251750,K173240,SECTION_HEADED
K251771,K011138,SECTION_HEADED
K251771,K042093,SECTION_HEADED
K251771,K060412,SECTION_HEADED
K251809,K181746,SECTION_HEADED
K251965,K161363,SECTION_HEADED
K251965,K192938,SECTION_HEADED
K251965,K241375,PROXIMITY_ONLY
K251975,K190085,PROXIMITY_ONLY
K251975,K202716,PROXIMITY_ONLY
K251975,K210308,PROXIMITY_ONLY
K251975,K242307,PROXIMITY_ONLY
K251975,K243768,PROXIMITY_ONLY
K252022,K231272,SECTION_HEADED
K252022,K243760,SECTION_HEADED
K252022,K251309,SECTION_HEADED
K252106,K232838,SECTION_HEADED
K252196,K203294,SECTION_HEADED
K252196,K221031,SECTION_HEADED
K252196,K222267,SECTION_HEADED
K252196,K230257,SECTION_HEADED
K252326,K172906,SECTION_HEADED
K252418,K234105,SECTION_HEADED
K252451,K190660,SECTION_HEADED
K252567,K203755,SECTION_HEADED
K252611,K250827,SECTION_HEADED
K252807,K222244,SECTION_HEADED
K252807,K242079,SECTION_HEADED
K252826,K202099,SECTION_HEADED
K252826,K231251,SECTION_HEADED
K252826,K242247,SECTION_HEADED
K252885,K150408,SECTION_HEADED
K252885,K161114,SECTION_HEADED
K252885,K182239,SECTION_HEADED
K252885,K231694,SECTION_HEADED
K252887,K101433,SECTION_HEADED
K252887,K111433,SECTION_HEADED
K252887,K233980,SECTION_HEADED
K253144,K200912,SECTION_HEADED
K253144,K240863,SECTION_HEADED
K253147,K242782,SECTION_HEADED
K253147,K243526,SECTION_HEADED
K253161,K123457,SECTION_HEADED
K253161,K150680,SECTION_HEADED
K253197,K233980,SECTION_HEADED
K253239,K181530,SECTION_HEADED
K253239,K220737,SECTION_HEADED
K253239,K223062,SECTION_HEADED
K253488,K161210,SECTION_HEADED
K253488,K220195,SECTION_HEADED
K253488,K233508,SECTION_HEADED
K253488,K241504,SECTION_HEADED
K253613,K201253,SECTION_HEADED
K253613,K212895,SECTION_HEADED
K253695,K230212,SECTION_HEADED
K253695,K243988,SECTION_HEADED
K253793,K202207,SECTION_HEADED
K253895,K150648,SECTION_HEADED
K253895,K230435,SECTION_HEADED
K253906,K250155,SECTION_HEADED
K253931,K251145,SECTION_HEADED
K253992,K152754,SECTION_HEADED
K254045,K240846,SECTION_HEADED
K254045,K243106,SECTION_HEADED
K254055,K231272,SECTION_HEADED
K254055,K243760,SECTION_HEADED
K254055,K251309,SECTION_HEADED
K254055,K252022,SECTION_HEADED
K254061,K143578,SECTION_HEADED
K254061,K181261,SECTION_HEADED
K254061,K241375,SECTION_HEADED
K254202,K251016,SECTION_HEADED
K254215,K082516,SECTION_HEADED
K254215,K140741,SECTION_HEADED
